{"stats":{"minecraft:custom":{"minecraft:jump":14,"minecraft:time_since_rest":2404,"minecraft:leave_game":1,"minecraft:play_time":2404,"minecraft:time_since_death":2404,"minecraft:walk_one_cm":4656,"minecraft:total_world_time":2404,"minecraft:drop":1},"minecraft:mined":{"minecraft:oak_log":10,"minecraft:oak_leaves":5},"minecraft:crafted":{"minecraft:oak_planks":28},"minecraft:picked_up":{"minecraft:stick":1,"minecraft:oak_log":10,"minecraft:oak_sapling":1},"minecraft:dropped":{"minecraft:oak_sapling":1}},"DataVersion":3465}