{"stats":{"minecraft:custom":{"minecraft:time_since_rest":8097,"minecraft:crouch_one_cm":180,"minecraft:play_time":8097,"minecraft:sprint_one_cm":10414,"minecraft:damage_taken":250,"minecraft:walk_one_cm":25987,"minecraft:sneak_time":134,"minecraft:mob_kills":2,"minecraft:drop":1,"minecraft:jump":49,"minecraft:damage_dealt":110,"minecraft:leave_game":1,"minecraft:time_since_death":8097,"minecraft:total_world_time":8097,"minecraft:interact_with_crafting_table":3,"minecraft:fall_one_cm":228,"minecraft:fly_one_cm":1889},"minecraft:used":{"minecraft:stone_axe":1,"minecraft:stone_sword":4,"minecraft:crafting_table":1,"minecraft:porkchop":2,"minecraft:stone_pickaxe":15,"minecraft:wooden_pickaxe":19},"minecraft:mined":{"minecraft:coal_ore":4,"minecraft:oak_log":10,"minecraft:stone":30,"minecraft:crafting_table":1,"minecraft:oak_leaves":5},"minecraft:crafted":{"minecraft:stone_sword":1,"minecraft:oak_planks":28,"minecraft:stone_axe":1,"minecraft:crafting_table":1,"minecraft:stick":12,"minecraft:wooden_pickaxe":1,"minecraft:stone_pickaxe":1},"minecraft:picked_up":{"minecraft:crafting_table":1,"minecraft:stick":4,"minecraft:porkchop":2,"minecraft:oak_log":10,"minecraft:oak_sapling":3,"minecraft:coal":4,"minecraft:cobblestone":30},"minecraft:dropped":{"minecraft:oak_sapling":1},"minecraft:killed":{"luminousworld:swallowtail":1,"minecraft:pig":1}},"DataVersion":3465}