{"stats":{"minecraft:crafted":{"minecraft:oak_planks":28,"minecraft:stone_shovel":2,"minecraft:cooked_porkchop":3,"minecraft:crafting_table":1,"minecraft:stick":12,"minecraft:wooden_pickaxe":1,"minecraft:stone_pickaxe":1,"minecraft:stone_sword":1,"minecraft:furnace":1,"minecraft:stone_axe":1},"minecraft:custom":{"minecraft:time_since_rest":51944,"minecraft:interact_with_furnace":2,"minecraft:sprint_one_cm":34154,"minecraft:damage_taken":260,"minecraft:walk_one_cm":93700,"minecraft:mob_kills":7,"minecraft:drop":2,"minecraft:damage_dealt":709,"minecraft:interact_with_crafting_table":6,"minecraft:fly_one_cm":10318,"minecraft:play_time":51944,"minecraft:crouch_one_cm":1408,"minecraft:sneak_time":718,"minecraft:jump":245,"minecraft:leave_game":1,"minecraft:time_since_death":51944,"minecraft:total_world_time":51944,"minecraft:climb_one_cm":4746,"minecraft:fall_one_cm":1726},"minecraft:mined":{"luminousworld:savannah_soil":27,"minecraft:furnace":1,"iceandfire:silver_ore":2,"minecraft:jungle_leaves":7,"minecraft:birch_leaves":2,"minecraft:crafting_table":2,"luminousworld:savannah_grass_1":3,"minecraft:grass":1,"minecraft:grass_block":11,"minecraft:oak_log":10,"minecraft:coal_ore":5,"minecraft:cocoa":5,"minecraft:vine":1,"minecraft:jungle_log":4,"minecraft:dirt":12,"minecraft:copper_ore":8,"minecraft:bamboo":2,"minecraft:stone":33,"minecraft:oak_leaves":6,"luminousworld:savanna_grass_2":1,"minecraft:fern":1},"minecraft:killed":{"alexsmobs:blue_jay":1,"minecraft:pig":2,"alexsmobs:seal":1,"luminousworld:swallowtail":1,"alexsmobs:tasmanian_devil":1,"enemyexpansion:direwolf":1},"minecraft:picked_up":{"minecraft:cocoa_beans":15,"minecraft:stick":4,"minecraft:crafting_table":2,"minecraft:jungle_log":4,"luminousworld:savannah_soil":28,"minecraft:porkchop":5,"minecraft:oak_log":10,"minecraft:dirt":23,"minecraft:raw_copper":32,"minecraft:bamboo":17,"minecraft:oak_sapling":3,"minecraft:coal":5,"iceandfire:raw_silver":2,"minecraft:cobblestone":32,"minecraft:furnace":1},"minecraft:used":{"minecraft:stone_sword":20,"minecraft:stone_pickaxe":31,"minecraft:stone_shovel":19,"minecraft:wooden_pickaxe":19,"minecraft:stone_axe":27,"minecraft:dirt":5,"luminousworld:savannah_soil":27,"minecraft:crafting_table":3,"minecraft:furnace":1,"minecraft:porkchop":2,"minecraft:cooked_porkchop":3},"minecraft:dropped":{"minecraft:oak_sapling":1,"luminousworld:savannah_soil":1}},"DataVersion":3465}