{"stats":{"minecraft:custom":{"minecraft:time_since_rest":20097,"minecraft:sprint_one_cm":14242,"minecraft:damage_taken":250,"minecraft:walk_one_cm":52323,"minecraft:mob_kills":3,"minecraft:drop":2,"minecraft:damage_dealt":210,"minecraft:interact_with_crafting_table":3,"minecraft:fly_one_cm":2184,"minecraft:crouch_one_cm":596,"minecraft:play_time":20097,"minecraft:sneak_time":280,"minecraft:jump":100,"minecraft:leave_game":1,"minecraft:time_since_death":20097,"minecraft:total_world_time":20097,"minecraft:fall_one_cm":1182},"minecraft:used":{"minecraft:stone_sword":10,"minecraft:stone_pickaxe":30,"minecraft:wooden_pickaxe":19,"minecraft:stone_axe":1,"minecraft:dirt":1,"luminousworld:savannah_soil":3,"minecraft:crafting_table":1,"minecraft:porkchop":2},"minecraft:mined":{"luminousworld:savannah_soil":21,"iceandfire:silver_ore":2,"minecraft:birch_leaves":2,"minecraft:crafting_table":1,"luminousworld:savannah_grass_1":1,"minecraft:oak_log":10,"minecraft:grass_block":2,"minecraft:coal_ore":5,"minecraft:dirt":2,"minecraft:copper_ore":8,"minecraft:stone":33,"minecraft:oak_leaves":6},"minecraft:crafted":{"minecraft:oak_planks":28,"minecraft:crafting_table":1,"minecraft:stick":12,"minecraft:wooden_pickaxe":1,"minecraft:stone_pickaxe":1,"minecraft:stone_sword":1,"minecraft:stone_axe":1},"minecraft:picked_up":{"minecraft:stick":4,"minecraft:crafting_table":1,"luminousworld:savannah_soil":22,"minecraft:porkchop":2,"minecraft:oak_log":10,"minecraft:dirt":4,"minecraft:raw_copper":32,"minecraft:oak_sapling":3,"minecraft:coal":5,"iceandfire:raw_silver":2,"minecraft:cobblestone":32},"minecraft:dropped":{"minecraft:oak_sapling":1,"luminousworld:savannah_soil":1},"minecraft:killed":{"alexsmobs:blue_jay":1,"minecraft:pig":1,"luminousworld:swallowtail":1}},"DataVersion":3465}